TrialNumber	TBR.W	ans.W	op.RT.W	ans.RT.W	trial.len.L	op.sol.W	op.W	ans.Resp.W	ran	order	recall.L	recallRT.L	recall.filtered.L	recall.corr.L	ops.corr.L
1	[6, 12, 0, 10, 3, 5]	[True, True, False, True, True, False]	[0.082211971282958984, 0.078515052795410156, 0.12885713577270508, 0.14374089241027832, 0.1451420783996582, 0.23333597183227539]	[0.45912599563598633, 0.49531197547912598, 0.33533477783203125, 0.077907085418701172, 0.070720195770263672, 0.33180904388427734]	6	['', '', '', '', '', '']	['symm11', 'symm23', 'symm40', 'symm7', 'symm13', 'symm28']	[True, True, False, True, False, True]	1.0	0.0	[10, 9, 0, u'Submit']	[0.15744996070861816, 0.48256611824035645, 0.22466611862182617, 0.64342808723449707]	[10, 9, 0, u'Submit']	1.0	4.0
2	[11, 15, 4, 14, 6, 8]	[False, False, False, False, True, True]	[0.32446193695068359, 0.12124204635620117, 0.1602790355682373, 0.15927815437316895, 0.12569117546081543, 0.14867305755615234]	[0.61205005645751953, 0.32784080505371094, 0.10247802734375, 0.10181212425231934, 0.34135317802429199, 0.099596977233886719]	6	['', '', '', '', '', '']	['symm32', 'symm29', 'symm43', 'symm38', 'symm14', 'symm19']	[True, False, True, False, True, False]	1.0	1.0	[10, 5, 0, u'Submit']	[0.22709417343139648, 0.37544083595275879, 0.23072314262390137, 0.5738070011138916]	[10, 5, 0, u'Submit']	0.0	3.0
